created_at,source,original_text,polarity,subjectivity,lang,fav_count,retweet_count,screen_name,follower_count,friends_count,sensitivity,hashtags,mentions,location
Sun Aug 07 22:31:20 +0000 2022,"<a href=""http://twitter.com/download/android"" rel=""nofollow"">Twitter for Android</a>","RT @i_ameztoy: Extra random image (I):

Lets focus in one very specific zone of the western coast -&gt; Longjing District, Taichung #City, #Ta‚Ä¶",-0.125,0.190625,en,0,2,i_ameztoy,20497,2621,false,"[{'text': 'City', 'indices': [132, 137]}]","[{'screen_name': 'i_ameztoy', 'name': 'Iban Ameztoy', 'id': 3418339671, 'id_str': '3418339671', 'indices': [3, 13]}]",
Sun Aug 07 22:31:16 +0000 2022,"<a href=""http://twitter.com/download/android"" rel=""nofollow"">Twitter for Android</a>","RT @IndoPac_Info: #China's media explains the military reasons for each area of the drills in the #Taiwan Strait

Read the labels in the pi‚Ä¶",-0.1,0.1,en,0,201,ZIisq,65,272,false,"[{'text': 'China', 'indices': [18, 24]}, {'text': 'Taiwan', 'indices': [98, 105]}]","[{'screen_name': 'IndoPac_Info', 'name': 'Indo-Pacific News - Watching the CCP-China Threat', 'id': 844136511079559168, 'id_str': '844136511079559168', 'indices': [3, 16]}]",
Sun Aug 07 22:31:07 +0000 2022,"<a href=""http://twitter.com/download/android"" rel=""nofollow"">Twitter for Android</a>","China even cut off communication, they don't anwer phonecalls from the US. But here clown @ZelenskyyUa enters the stage to ask #XiJinping to change Putin's mind.",0.0,0.0,en,0,0,Fin21Free,85,392,false,"[{'text': 'XiJinping', 'indices': [127, 137]}]","[{'screen_name': 'ZelenskyyUa', 'name': '–í–æ–ª–æ–¥–∏–º–∏—Ä –ó–µ–ª–µ–Ω—Å—å–∫–∏–π', 'id': 1120633726478823425, 'id_str': '1120633726478823425', 'indices': [90, 102]}]",
Sun Aug 07 22:31:06 +0000 2022,"<a href=""http://twitter.com/download/android"" rel=""nofollow"">Twitter for Android</a>","Putin to #XiJinping : I told you my friend, Taiwan will be a vassal state, including nukes, much like the Ukrainian model. I warned you... But it took Pelosi to open China's eyes.",0.1,0.35,en,0,0,Fin21Free,85,392,false,"[{'text': 'XiJinping', 'indices': [9, 19]}]",[],
Sun Aug 07 22:31:04 +0000 2022,"<a href=""http://twitter.com/download/iphone"" rel=""nofollow"">Twitter for iPhone</a>","RT @ChinaUncensored: I‚Äôm sorry, I thought Taiwan was an independent country because it had its own government, currency, military, travel d‚Ä¶",-6.938893903907228e-18,0.55625,en,0,381,VizziniDolores,910,2608,false,[],"[{'screen_name': 'ChinaUncensored', 'name': 'China Uncensored', 'id': 833100331, 'id_str': '833100331', 'indices': [3, 19]}]",
Sun Aug 07 22:31:02 +0000 2022,"<a href=""http://twitter.com/download/android"" rel=""nofollow"">Twitter for Android</a>","RT @benedictrogers: We must not let this happen.

We must be ready.

We must defend #Taiwan

https://t.co/z4Rv925jhI",0.2,0.5,en,0,36,GraceCh15554845,207,54,false,"[{'text': 'Taiwan', 'indices': [84, 91]}]","[{'screen_name': 'benedictrogers', 'name': 'Benedict Rogers ÁæÖÂÇëÊñØ', 'id': 49035671, 'id_str': '49035671', 'indices': [3, 18]}]",
Sun Aug 07 22:30:59 +0000 2022,"<a href=""http://twitter.com/download/android"" rel=""nofollow"">Twitter for Android</a>","RT @TGTM_Official: What kind of country can connive such extremely offensive remarks on the street?

#Taiwan #TsaiIngwen
#TheGreatTranslati‚Ä¶",0.15833333333333333,0.7999999999999999,en,0,411,Philipkuma1,12,264,false,"[{'text': 'Taiwan', 'indices': [101, 108]}, {'text': 'TsaiIngwen', 'indices': [109, 120]}]","[{'screen_name': 'TGTM_Official', 'name': 'The Great Translation Movement Â§ßÁøªËØëËøêÂä®ÂÆòÊñπÊé®Âè∑', 'id': 1500639956737597442, 'id_str': '1500639956737597442', 'indices': [3, 17]}]",
Sun Aug 07 22:30:59 +0000 2022,"<a href=""http://twitter.com/download/android"" rel=""nofollow"">Twitter for Android</a>",RT @ChinaInfo777: #PinkFloyd singer Roger Waters rebukes and says #Taiwan is a part of #China. IF YOU DONT KNOW THAT GO AND EDUCATE YOURSEL‚Ä¶,0.0,0.0,en,0,5,nhohn2011,870,508,false,"[{'text': 'PinkFloyd', 'indices': [18, 28]}, {'text': 'Taiwan', 'indices': [66, 73]}, {'text': 'China', 'indices': [87, 93]}]","[{'screen_name': 'ChinaInfo777', 'name': 'China Info üá®üá≥', 'id': 1508186150711701505, 'id_str': '1508186150711701505', 'indices': [3, 16]}]",
Sun Aug 07 22:30:50 +0000 2022,"<a href=""http://twitter.com/download/android"" rel=""nofollow"">Twitter for Android</a>",RT @AmbQinGang: China's SC&amp;FM Wang Yi elaborates on China's position on the #Taiwan question: Taiwan has never been a country. There is onl‚Ä¶,0.0,0.0,en,0,239,ClaudioColomaRI,127,263,false,"[{'text': 'Taiwan', 'indices': [80, 87]}]","[{'screen_name': 'AmbQinGang', 'name': 'Qin Gang Áß¶Âàö', 'id': 1417236433878884352, 'id_str': '1417236433878884352', 'indices': [3, 14]}]",
Sun Aug 07 22:30:45 +0000 2022,"<a href=""https://mobile.twitter.com"" rel=""nofollow"">Twitter Web App</a>",RT @CGMeifangZhang: Chinese ambassador to the US has detailed why #USA House Speaker Nancy #Pelosi's visit to #Taiwan was opposed by #China‚Ä¶,0.2,0.375,en,0,25,jmarzola1,213,877,false,"[{'text': 'USA', 'indices': [66, 70]}, {'text': 'Pelosi', 'indices': [91, 98]}, {'text': 'Taiwan', 'indices': [110, 117]}, {'text': 'China', 'indices': [133, 139]}]","[{'screen_name': 'CGMeifangZhang', 'name': 'Zhang MeifangÂº†ÁæéËä≥', 'id': 1222894323152195586, 'id_str': '1222894323152195586', 'indices': [3, 18]}]",
Sun Aug 07 22:30:41 +0000 2022,"<a href=""http://twitter.com/download/android"" rel=""nofollow"">Twitter for Android</a>",RT @CGMeifangZhang: #Latest When the PLA conducted massive drills around #Taiwan in response to the serious provocations made by the US on‚Ä¶,0.05555555555555556,0.8555555555555555,en,0,11,xuejianosaka,45242,1505,false,"[{'text': 'Latest', 'indices': [20, 27]}, {'text': 'Taiwan', 'indices': [73, 80]}]","[{'screen_name': 'CGMeifangZhang', 'name': 'Zhang MeifangÂº†ÁæéËä≥', 'id': 1222894323152195586, 'id_str': '1222894323152195586', 'indices': [3, 18]}]",
Sun Aug 07 22:30:35 +0000 2022,"<a href=""https://mobile.twitter.com"" rel=""nofollow"">Twitter Web App</a>","Wilson Chinonso Blog: Nigerian tribes, the list and facts https://t.co/E58nxeVz0j 

#China #ChinaTaiwan #ManUnited",0.0,0.0,en,1,0,wilson_chnns,28,265,false,"[{'text': 'China', 'indices': [84, 90]}, {'text': 'ChinaTaiwan', 'indices': [91, 103]}, {'text': 'ManUnited', 'indices': [104, 114]}]",[],
Sun Aug 07 22:30:35 +0000 2022,"<a href=""http://twitter.com/download/android"" rel=""nofollow"">Twitter for Android</a>","RT @IndoPac_Info: A good infographic of #China's missile launches on #Taiwan on August 4th.

#ChinaTaiwanCrisis https://t.co/STzRr9fhU5",0.7,0.6000000000000001,en,0,183,ZIisq,65,272,false,"[{'text': 'China', 'indices': [40, 46]}, {'text': 'Taiwan', 'indices': [69, 76]}, {'text': 'ChinaTaiwanCrisis', 'indices': [93, 111]}]","[{'screen_name': 'IndoPac_Info', 'name': 'Indo-Pacific News - Watching the CCP-China Threat', 'id': 844136511079559168, 'id_str': '844136511079559168', 'indices': [3, 16]}]",
Sun Aug 07 22:30:29 +0000 2022,"<a href=""http://twitter.com/download/android"" rel=""nofollow"">Twitter for Android</a>","RT @shen_shiwei: Roger Waters: ""They're (Chinese) not encircling #Taiwan, Taiwan is part of China, and that's been absolutely accepted by t‚Ä¶",0.1,0.45,en,0,7,Aurora20288302,9,178,false,"[{'text': 'Taiwan', 'indices': [65, 72]}]","[{'screen_name': 'shen_shiwei', 'name': 'Shen Shiwei Ê≤àËØó‰ºü', 'id': 587955457, 'id_str': '587955457', 'indices': [3, 15]}]",
Sun Aug 07 22:30:27 +0000 2022,"<a href=""http://twitter.com/download/android"" rel=""nofollow"">Twitter for Android</a>",RT @SpokespersonCHN: Baidu Maps show that there are 38 Shandong dumpling restaurants and 67 Shanxi noodle restaurants in Taipei. Palates do‚Ä¶,0.0,0.0,en,0,358,Rocky4533,265,627,false,[],"[{'screen_name': 'SpokespersonCHN', 'name': 'Hua Chunying ÂçéÊò•Ëéπ', 'id': 1183698123719200768, 'id_str': '1183698123719200768', 'indices': [3, 19]}]",
Sun Aug 07 22:30:25 +0000 2022,"<a href=""http://twitter.com/download/android"" rel=""nofollow"">Twitter for Android</a>","RT @Decent_az001: The #Marvininu project speaks goodness about the future right now

Hodl up for the future win because $Marvin is the coin‚Ä¶",0.27142857142857146,0.29642857142857143,en,0,20,Foxy_Jaylad,669,461,false,"[{'text': 'Marvininu', 'indices': [22, 32]}]","[{'screen_name': 'Decent_az001', 'name': 'Decent ü•∞ü•∞', 'id': 1501990273827708936, 'id_str': '1501990273827708936', 'indices': [3, 16]}]",
Sun Aug 07 22:30:15 +0000 2022,"<a href=""http://twitter.com/download/android"" rel=""nofollow"">Twitter for Android</a>","RT @EagleNews: China's largest-ever Taiwan military drills draw to a close
#china #diplomacy #Militarydrills #Taiwan #US
https://t.co/Yvl5N‚Ä¶",-0.1,0.1,en,0,1,fortunefrien,336,1026,false,"[{'text': 'china', 'indices': [75, 81]}, {'text': 'diplomacy', 'indices': [82, 92]}, {'text': 'Militarydrills', 'indices': [93, 108]}, {'text': 'Taiwan', 'indices': [109, 116]}, {'text': 'US', 'indices': [117, 120]}]","[{'screen_name': 'EagleNews', 'name': 'Eagle News', 'id': 2164169846, 'id_str': '2164169846', 'indices': [3, 13]}]",
Sun Aug 07 22:30:10 +0000 2022,"<a href=""http://twitter.com/download/iphone"" rel=""nofollow"">Twitter for iPhone</a>","RT @timand2037: Former colonial regimes - now the self-styled G7 - are building provocations and false pretexts for war with #China, just a‚Ä¶",-0.20000000000000004,0.3,en,0,128,henok_tekeste,1165,2542,false,"[{'text': 'China', 'indices': [125, 131]}]","[{'screen_name': 'timand2037', 'name': 'tim anderson', 'id': 56575418, 'id_str': '56575418', 'indices': [3, 14]}]",
Sun Aug 07 22:30:06 +0000 2022,"<a href=""https://covid19travel.com"" rel=""nofollow"">Covid19Travel Twitter bot app</a>","RT @odisseoisback: #Corfu #Greeceüá¨üá∑
#Summer #Beaches #Travel #Excursion
üëâcheck availability on https://t.co/BbZwjJWGjp     
-
#Vacanze #Hol‚Ä¶",0.0,0.0,en,0,2,Covid19Travel_,27,0,false,"[{'text': 'Corfu', 'indices': [19, 25]}, {'text': 'Greece', 'indices': [26, 33]}, {'text': 'Summer', 'indices': [36, 43]}, {'text': 'Beaches', 'indices': [44, 52]}, {'text': 'Travel', 'indices': [53, 60]}, {'text': 'Excursion', 'indices': [61, 71]}, {'text': 'Vacanze', 'indices': [126, 134]}]","[{'screen_name': 'odisseoisback', 'name': 'Odisseo', 'id': 230318508, 'id_str': '230318508', 'indices': [3, 17]}]",
Sun Aug 07 22:30:01 +0000 2022,"<a href=""https://buffer.com"" rel=""nofollow"">Buffer</a>","27.89US $ 17% OFF|Usb Condenser Microphone For Pc Gaming Bluetooth Mic For Phone With Stand Pop Filter Type-c Converter Computer Microphone Studio - Microphones - AliExpress https://t.co/WHAoiInzF4
 #aliexpress #USA #uk  #RT #Europe #UnitedStates #Russia  #Taiwan #China #America https://t.co/YDVTxeDXfS",0.0,0.0,en,0,0,doos94619918,1936,4792,false,"[{'text': 'aliexpress', 'indices': [199, 210]}, {'text': 'USA', 'indices': [211, 215]}, {'text': 'uk', 'indices': [216, 219]}, {'text': 'RT', 'indices': [221, 224]}, {'text': 'Europe', 'indices': [225, 232]}, {'text': 'UnitedStates', 'indices': [233, 246]}, {'text': 'Russia', 'indices': [247, 254]}, {'text': 'Taiwan', 'indices': [256, 263]}, {'text': 'China', 'indices': [264, 270]}, {'text': 'America', 'indices': [271, 279]}]",[],
Sun Aug 07 22:29:53 +0000 2022,"<a href=""http://twitter.com/download/iphone"" rel=""nofollow"">Twitter for iPhone</a>","RT @terror_alarm: üö®üá®üá≥üáπüáºChina now has #Taiwan surrounded from air and the sea as it gears up to start the next round of military drill ""exer‚Ä¶",-0.10000000000000002,0.16666666666666666,en,0,112,DjPeaceOfMind1,21,131,false,"[{'text': 'Taiwan', 'indices': [37, 44]}]","[{'screen_name': 'terror_alarm', 'name': 'Terror Alarm', 'id': 754718787237281792, 'id_str': '754718787237281792', 'indices': [3, 16]}]",
Sun Aug 07 22:29:07 +0000 2022,"<a href=""http://twitter.com/download/android"" rel=""nofollow"">Twitter for Android</a>","RT @IndoPac_Info: Yesterday, #Taiwanese army forces in Kinmen island had to use flares &amp; lasers to warn off 3 #Chinese drones  that had ent‚Ä¶",0.0,0.0,en,0,74,Cyclorient,639,642,false,"[{'text': 'Taiwanese', 'indices': [29, 39]}, {'text': 'Chinese', 'indices': [114, 122]}]","[{'screen_name': 'IndoPac_Info', 'name': 'Indo-Pacific News - Watching the CCP-China Threat', 'id': 844136511079559168, 'id_str': '844136511079559168', 'indices': [3, 16]}]",
Sun Aug 07 22:28:58 +0000 2022,"<a href=""https://mobile.twitter.com"" rel=""nofollow"">Twitter Web App</a>","RT @CGMeifangZhang: ""#Taiwan is part of China. That's been absolutely accepted by the whole of international community... And if you don't‚Ä¶",0.13333333333333333,0.43333333333333335,en,0,109,arjlight,150,120,false,"[{'text': 'Taiwan', 'indices': [21, 28]}]","[{'screen_name': 'CGMeifangZhang', 'name': 'Zhang MeifangÂº†ÁæéËä≥', 'id': 1222894323152195586, 'id_str': '1222894323152195586', 'indices': [3, 18]}]",
Sun Aug 07 22:28:54 +0000 2022,"<a href=""http://twitter.com/download/iphone"" rel=""nofollow"">Twitter for iPhone</a>",RT @CGTNOfficial: Day 3 of PLA's live-fire drills around #Taiwan in 100 seconds https://t.co/kJsB27U8WC,0.0,0.0,en,0,26,kwame_seeker,45,419,false,"[{'text': 'Taiwan', 'indices': [57, 64]}]","[{'screen_name': 'CGTNOfficial', 'name': 'CGTN', 'id': 1115874631, 'id_str': '1115874631', 'indices': [3, 16]}]",
Sun Aug 07 22:28:44 +0000 2022,"<a href=""http://twitter.com/download/android"" rel=""nofollow"">Twitter for Android</a>","RT @euobs: [Opinion] #Pelosi's visit to #Taiwan was to honour her commitment to democracy, especially as Taiwan was ranked by Freedom House‚Ä¶",-0.375,1.0,en,0,4,Cyclorient,639,642,false,"[{'text': 'Pelosi', 'indices': [21, 28]}, {'text': 'Taiwan', 'indices': [40, 47]}]","[{'screen_name': 'euobs', 'name': 'EUobserver', 'id': 43317911, 'id_str': '43317911', 'indices': [3, 9]}]",
Sun Aug 07 22:28:34 +0000 2022,"<a href=""http://twitter.com/download/iphone"" rel=""nofollow"">Twitter for iPhone</a>","@apple @tim_cook REALLY?? 

https://t.co/vOGKGPq9r3

#Apple #Taiwan",0.2,0.2,en,0,0,rjj_jim,69,211,false,"[{'text': 'Apple', 'indices': [53, 59]}, {'text': 'Taiwan', 'indices': [60, 67]}]","[{'screen_name': 'Apple', 'name': 'Apple', 'id': 380749300, 'id_str': '380749300', 'indices': [0, 6]}, {'screen_name': 'tim_cook', 'name': 'Tim Cook', 'id': 1636590253, 'id_str': '1636590253', 'indices': [7, 16]}]",
Sun Aug 07 22:28:32 +0000 2022,"<a href=""http://twitter.com/download/iphone"" rel=""nofollow"">Twitter for iPhone</a>",@AndrewJBates46 #carriedInterest #LoisLerner #Pelosi  stock trades/options #liars Both parties are pathetic although the pro Marxism is definitely Democrats https://t.co/b1YL7cHLP0,-0.5,0.75,en,0,0,LarsonKellie,636,4002,false,"[{'text': 'carriedInterest', 'indices': [16, 32]}, {'text': 'LoisLerner', 'indices': [33, 44]}, {'text': 'Pelosi', 'indices': [45, 52]}, {'text': 'liars', 'indices': [75, 81]}]","[{'screen_name': 'AndrewJBates46', 'name': 'Andrew Bates', 'id': 1376877666226335745, 'id_str': '1376877666226335745', 'indices': [0, 15]}]",
Sun Aug 07 22:28:27 +0000 2022,"<a href=""http://twitter.com/#!/download/ipad"" rel=""nofollow"">Twitter for iPad</a>","Taiwan is a city of China, that acts as a non-recognized country. Only 13 countries in the World recognized Taiwan as a sovereign country, USA are not in this short list. 

#WWIII #USandChina #Tradewar #China #geopolitics #IndoPacific #Taiwan #UnitedStates",0.0,0.65,en,0,0,robinholdings,4624,3,false,"[{'text': 'WWIII', 'indices': [173, 179]}, {'text': 'USandChina', 'indices': [180, 191]}, {'text': 'Tradewar', 'indices': [192, 201]}, {'text': 'China', 'indices': [202, 208]}, {'text': 'geopolitics', 'indices': [209, 221]}, {'text': 'IndoPacific', 'indices': [222, 234]}, {'text': 'Taiwan', 'indices': [235, 242]}, {'text': 'UnitedStates', 'indices': [243, 256]}]",[],
Sun Aug 07 22:28:07 +0000 2022,"<a href=""http://twitter.com/download/android"" rel=""nofollow"">Twitter for Android</a>","RT @CGMeifangZhang: #US House Speaker Nancy #Pelosi and her family are now under scrutiny for several market trades. Her husband, Paul Pelo‚Ä¶",0.0,0.0,en,0,121,josearias3329,160,219,false,"[{'text': 'US', 'indices': [20, 23]}, {'text': 'Pelosi', 'indices': [44, 51]}]","[{'screen_name': 'CGMeifangZhang', 'name': 'Zhang MeifangÂº†ÁæéËä≥', 'id': 1222894323152195586, 'id_str': '1222894323152195586', 'indices': [3, 18]}]",
Sun Aug 07 22:28:02 +0000 2022,"<a href=""https://mobile.twitter.com"" rel=""nofollow"">Twitter Web App</a>","RT @CGMeifangZhang: Responding to a CNN reporter saying ""China is busy encircling #Taiwan‚Äù during an interview, Roger Waters, co-founder of‚Ä¶",0.1,0.3,en,0,128,MauricioLoren14,433,482,false,"[{'text': 'Taiwan', 'indices': [82, 89]}]","[{'screen_name': 'CGMeifangZhang', 'name': 'Zhang MeifangÂº†ÁæéËä≥', 'id': 1222894323152195586, 'id_str': '1222894323152195586', 'indices': [3, 18]}]",
Sun Aug 07 22:27:54 +0000 2022,"<a href=""http://twitter.com/download/iphone"" rel=""nofollow"">Twitter for iPhone</a>","RT @IndoPac_Info: #China's media explains the military reasons for each area of the drills in the #Taiwan Strait 

It's clear the drills ar‚Ä¶",6.938893903907228e-18,0.24166666666666664,en,0,112,kisdurka,117,316,false,"[{'text': 'China', 'indices': [18, 24]}, {'text': 'Taiwan', 'indices': [98, 105]}]","[{'screen_name': 'IndoPac_Info', 'name': 'Indo-Pacific News - Watching the CCP-China Threat', 'id': 844136511079559168, 'id_str': '844136511079559168', 'indices': [3, 16]}]",
Sun Aug 07 22:27:49 +0000 2022,"<a href=""http://twitter.com/download/android"" rel=""nofollow"">Twitter for Android</a>","RT @CGMeifangZhang: Biden said he can't prevent #Pelosi visiting #Taiwan because of ""separation of powers"".
A pale excuse. 
What prevented‚Ä¶",-0.13,0.11499999999999999,en,0,27,huang17239678,8,54,false,"[{'text': 'Pelosi', 'indices': [48, 55]}, {'text': 'Taiwan', 'indices': [65, 72]}]","[{'screen_name': 'CGMeifangZhang', 'name': 'Zhang MeifangÂº†ÁæéËä≥', 'id': 1222894323152195586, 'id_str': '1222894323152195586', 'indices': [3, 18]}]",
Sun Aug 07 22:27:47 +0000 2022,"<a href=""http://twitter.com/download/android"" rel=""nofollow"">Twitter for Android</a>",RT @revmahoney: How do we know how the CCP would treat Taiwan and the rest of the world! Easy answer. Just look how they treated the people‚Ä¶,0.43333333333333335,0.8333333333333334,en,0,5,JohnCha85102303,120,158,false,[],"[{'screen_name': 'revmahoney', 'name': 'Rev. Patrick Mahoney', 'id': 108665128, 'id_str': '108665128', 'indices': [3, 14]}]",
Sun Aug 07 22:27:16 +0000 2022,"<a href=""http://twitter.com/download/android"" rel=""nofollow"">Twitter for Android</a>","RT @MAKSIMYQY: If Hawaii separatists want to establish an independent country,
if China enacted ‚ÄúHawaii Relations Act‚Äù, gave ‚ÄúSix Assurance‚Ä¶",0.0,0.125,en,0,26,wcgkyyhjx,266,597,false,[],"[{'screen_name': 'MAKSIMYQY', 'name': 'Yan Yiqiang', 'id': 1427842216676974592, 'id_str': '1427842216676974592', 'indices': [3, 13]}]",
Sun Aug 07 22:27:02 +0000 2022,"<a href=""http://twitter.com/download/iphone"" rel=""nofollow"">Twitter for iPhone</a>","RT @SpokespersonCHN: ""#Taiwan is part of China. That's been absolutely accepted by the whole of international community... And if you don't‚Ä¶",0.13333333333333333,0.43333333333333335,en,0,669,Martahjoy,823,597,false,"[{'text': 'Taiwan', 'indices': [22, 29]}]","[{'screen_name': 'SpokespersonCHN', 'name': 'Hua Chunying ÂçéÊò•Ëéπ', 'id': 1183698123719200768, 'id_str': '1183698123719200768', 'indices': [3, 19]}]",
Sun Aug 07 22:26:40 +0000 2022,"<a href=""http://twitter.com/download/android"" rel=""nofollow"">Twitter for Android</a>","RT @SpokespersonCHN: ""#Taiwan is part of China. That's been absolutely accepted by the whole of international community... And if you don't‚Ä¶",0.13333333333333333,0.43333333333333335,en,0,669,Attomikdog,151,701,false,"[{'text': 'Taiwan', 'indices': [22, 29]}]","[{'screen_name': 'SpokespersonCHN', 'name': 'Hua Chunying ÂçéÊò•Ëéπ', 'id': 1183698123719200768, 'id_str': '1183698123719200768', 'indices': [3, 19]}]",
Sun Aug 07 22:26:25 +0000 2022,"<a href=""http://twitter.com/download/android"" rel=""nofollow"">Twitter for Android</a>",RT @ChinaInfo777: #PinkFloyd Roger Waters tells it as it is. #Taiwan is a part of #China! https://t.co/RJ64fX6F33,0.0,0.0,en,0,5,nhohn2011,870,508,false,"[{'text': 'PinkFloyd', 'indices': [18, 28]}, {'text': 'Taiwan', 'indices': [61, 68]}, {'text': 'China', 'indices': [82, 88]}]","[{'screen_name': 'ChinaInfo777', 'name': 'China Info üá®üá≥', 'id': 1508186150711701505, 'id_str': '1508186150711701505', 'indices': [3, 16]}]",
Sun Aug 07 22:26:23 +0000 2022,"<a href=""http://twitter.com/download/iphone"" rel=""nofollow"">Twitter for iPhone</a>","RT @IndoPac_Info: 66 #Chinese military aircraft and 14 vessels were detected around #Taiwan on August 7th. 

Taiwan's military have monitor‚Ä¶",-0.06666666666666667,0.06666666666666667,en,0,43,xiaohuaSong3,243,87,false,"[{'text': 'Chinese', 'indices': [21, 29]}, {'text': 'Taiwan', 'indices': [84, 91]}]","[{'screen_name': 'IndoPac_Info', 'name': 'Indo-Pacific News - Watching the CCP-China Threat', 'id': 844136511079559168, 'id_str': '844136511079559168', 'indices': [3, 16]}]",
Sun Aug 07 22:25:57 +0000 2022,"<a href=""http://twitter.com/download/android"" rel=""nofollow"">Twitter for Android</a>",@BarkingMaad @EnemyInAState The #Taiwan #TaiwanStraitsCrisis is more #ovenready for a distraction from #monkeypox than the #Brexit deal was for #BorisJohnson!,0.625,0.5,en,1,0,BenEndCOVID19,550,1207,false,"[{'text': 'Taiwan', 'indices': [32, 39]}, {'text': 'TaiwanStraitsCrisis', 'indices': [40, 60]}, {'text': 'ovenready', 'indices': [69, 79]}, {'text': 'monkeypox', 'indices': [103, 113]}, {'text': 'Brexit', 'indices': [123, 130]}, {'text': 'BorisJohnson', 'indices': [144, 157]}]","[{'screen_name': 'BarkingMaad', 'name': 'Barking Maad - AZ üíâüíâModeRNA üíâüíâ', 'id': 181813902, 'id_str': '181813902', 'indices': [0, 12]}, {'screen_name': 'EnemyInAState', 'name': 'Chris Turnbull', 'id': 846454000585244672, 'id_str': '846454000585244672', 'indices': [13, 27]}]",
Sun Aug 07 22:25:37 +0000 2022,"<a href=""http://twitter.com/download/android"" rel=""nofollow"">Twitter for Android</a>","RT @WilliamYang120: ""For too long, #Taiwan has been bullied, marginalized and isolated from the world and banned from international organiz‚Ä¶",-0.025,0.2,en,0,84,hoggothoaryhost,44,60,false,"[{'text': 'Taiwan', 'indices': [35, 42]}]","[{'screen_name': 'WilliamYang120', 'name': 'William Yang', 'id': 365216346, 'id_str': '365216346', 'indices': [3, 18]}]",
Sun Aug 07 22:25:34 +0000 2022,"<a href=""http://twitter.com/download/iphone"" rel=""nofollow"">Twitter for iPhone</a>",RT @Veronic59122266: Nancy Pelosi is willing to risk starting a war with China so that she can make massive profits on her husband's inside‚Ä¶,0.08333333333333333,0.6166666666666667,en,0,1897,robbie_robbi1,808,3650,false,[],"[{'screen_name': 'Veronic59122266', 'name': 'Veronica Lopez', 'id': 1415620502241091585, 'id_str': '1415620502241091585', 'indices': [3, 19]}]",
Sun Aug 07 22:25:14 +0000 2022,"<a href=""http://twitter.com/download/iphone"" rel=""nofollow"">Twitter for iPhone</a>","If you‚Äôre against capitalism when China is rich &amp; against communism, if you‚Äôre against Muslims &amp; against China for educating extremists, if you‚Äôre against invasions &amp; for US invasions‚Ä¶ maybe you‚Äôre just a racist a Western supremacist aka white supremacist #Xinjiang #Taiwan #Evil",-0.15625,0.4375,en,0,0,marketdaytrader,42,69,false,"[{'text': 'Xinjiang', 'indices': [268, 277]}, {'text': 'Taiwan', 'indices': [278, 285]}, {'text': 'Evil', 'indices': [286, 291]}]",[],
Sun Aug 07 22:25:13 +0000 2022,"<a href=""http://twitter.com/download/android"" rel=""nofollow"">Twitter for Android</a>","RT @globaltimesnews: #GTGraphic: 160+ countries, accounting for over 80% of the world‚Äôs population, have reiterated their commitment to the‚Ä¶",0.0,0.0,en,0,165,GreatMundungus,177,293,false,"[{'text': 'GTGraphic', 'indices': [21, 31]}]","[{'screen_name': 'globaltimesnews', 'name': 'Global Times', 'id': 49616273, 'id_str': '49616273', 'indices': [3, 19]}]",
Sun Aug 07 22:25:05 +0000 2022,"<a href=""https://help.twitter.com/en/using-twitter/how-to-tweet#source-labels"" rel=""nofollow"">Hephaistos bot</a>","RT @odisseoisback: #Corfu #Greeceüá¨üá∑
#Summer #Beaches #Travel #Excursion
üëâcheck availability on https://t.co/BbZwjJWGjp     
-
#Vacanze #Hol‚Ä¶",0.0,0.0,en,0,2,hephaistos_ai,4161,208,false,"[{'text': 'Corfu', 'indices': [19, 25]}, {'text': 'Greece', 'indices': [26, 33]}, {'text': 'Summer', 'indices': [36, 43]}, {'text': 'Beaches', 'indices': [44, 52]}, {'text': 'Travel', 'indices': [53, 60]}, {'text': 'Excursion', 'indices': [61, 71]}, {'text': 'Vacanze', 'indices': [126, 134]}]","[{'screen_name': 'odisseoisback', 'name': 'Odisseo', 'id': 230318508, 'id_str': '230318508', 'indices': [3, 17]}]",
Sun Aug 07 22:25:02 +0000 2022,"<a href=""http://twitter.com/download/android"" rel=""nofollow"">Twitter for Android</a>","RT @SpokespersonCHN: ""#Taiwan is part of China. That's been absolutely accepted by the whole of international community... And if you don't‚Ä¶",0.13333333333333333,0.43333333333333335,en,0,669,patricialeahy54,702,2793,false,"[{'text': 'Taiwan', 'indices': [22, 29]}]","[{'screen_name': 'SpokespersonCHN', 'name': 'Hua Chunying ÂçéÊò•Ëéπ', 'id': 1183698123719200768, 'id_str': '1183698123719200768', 'indices': [3, 19]}]",
Sun Aug 07 22:25:00 +0000 2022,"<a href=""https://mobile.twitter.com"" rel=""nofollow"">Twitter Web App</a>","#Corfu #Greeceüá¨üá∑
#Summer #Beaches #Travel #Excursion
üëâcheck availability on https://t.co/BbZwjJWGjp     
-
#Vacanze #Holidays #Ferie #urlaub 
#Today #Studios #Hotel
#8August #island #Covid #Assange #Italy #putin #trump #berlin #london #milano new york #Taiwan #china #gaza https://t.co/3Z2Xd1cOdu",0.13636363636363635,0.45454545454545453,en,0,2,odisseoisback,332,845,false,"[{'text': 'Corfu', 'indices': [0, 6]}, {'text': 'Greece', 'indices': [7, 14]}, {'text': 'Summer', 'indices': [17, 24]}, {'text': 'Beaches', 'indices': [25, 33]}, {'text': 'Travel', 'indices': [34, 41]}, {'text': 'Excursion', 'indices': [42, 52]}, {'text': 'Vacanze', 'indices': [107, 115]}, {'text': 'Holidays', 'indices': [116, 125]}, {'text': 'Ferie', 'indices': [126, 132]}, {'text': 'urlaub', 'indices': [133, 140]}, {'text': 'Today', 'indices': [142, 148]}, {'text': 'Studios', 'indices': [149, 157]}, {'text': 'Hotel', 'indices': [158, 164]}, {'text': '8August', 'indices': [165, 173]}, {'text': 'island', 'indices': [174, 181]}, {'text': 'Covid', 'indices': [182, 188]}, {'text': 'Assange', 'indices': [189, 197]}, {'text': 'Italy', 'indices': [198, 204]}, {'text': 'putin', 'indices': [205, 211]}, {'text': 'trump', 'indices': [212, 218]}, {'text': 'berlin', 'indices': [219, 226]}, {'text': 'london', 'indices': [227, 234]}, {'text': 'milano', 'indices': [235, 242]}, {'text': 'Taiwan', 'indices': [252, 259]}, {'text': 'china', 'indices': [260, 266]}, {'text': 'gaza', 'indices': [267, 272]}]",[],
Sun Aug 07 22:24:59 +0000 2022,"<a href=""https://mobile.twitter.com"" rel=""nofollow"">Twitter Web App</a>","The U.S. has substantially increased defense &amp; ""diplomatic"" contacts with #Taiwan in the past yrs, the act clearly changing the status quo across Taiwan Strait. So you hypocrite don't throw mud at #China",-0.07499999999999998,0.31666666666666665,en,0,0,RenKeNews,48203,422,false,"[{'text': 'Taiwan', 'indices': [78, 85]}, {'text': 'China', 'indices': [201, 207]}]",[],
Sun Aug 07 22:24:57 +0000 2022,"<a href=""http://twitter.com/download/iphone"" rel=""nofollow"">Twitter for iPhone</a>",#taiwan shouod be a member of #nato,0.0,0.0,en,0,0,michaelsgordon,608,4919,false,"[{'text': 'taiwan', 'indices': [0, 7]}, {'text': 'nato', 'indices': [30, 35]}]",[],
Sun Aug 07 22:24:44 +0000 2022,"<a href=""http://twitter.com/download/android"" rel=""nofollow"">Twitter for Android</a>","RT @benedictrogers: We must not let this happen.

We must be ready.

We must defend #Taiwan

https://t.co/z4Rv925jhI",0.2,0.5,en,0,36,hoggothoaryhost,44,60,false,"[{'text': 'Taiwan', 'indices': [84, 91]}]","[{'screen_name': 'benedictrogers', 'name': 'Benedict Rogers ÁæÖÂÇëÊñØ', 'id': 49035671, 'id_str': '49035671', 'indices': [3, 18]}]",
Sun Aug 07 22:24:40 +0000 2022,"<a href=""http://twitter.com/download/android"" rel=""nofollow"">Twitter for Android</a>",@BarkingMaad @EnemyInAState I think the only way for the governments of the West to distract from the #nightmare of pain and suffering coming - without a military-police or #Fascism state- will be to provoke #China to attack #Taiwan or #KimJongUn to attack #SouthKorea. Or escalate #RussianUkrainianWar.,0.0,1.0,en,1,0,BenEndCOVID19,550,1207,false,"[{'text': 'nightmare', 'indices': [102, 112]}, {'text': 'Fascism', 'indices': [173, 181]}, {'text': 'China', 'indices': [208, 214]}, {'text': 'Taiwan', 'indices': [225, 232]}, {'text': 'KimJongUn', 'indices': [236, 246]}, {'text': 'SouthKorea', 'indices': [257, 268]}, {'text': 'RussianUkrainianWar', 'indices': [282, 302]}]","[{'screen_name': 'BarkingMaad', 'name': 'Barking Maad - AZ üíâüíâModeRNA üíâüíâ', 'id': 181813902, 'id_str': '181813902', 'indices': [0, 12]}, {'screen_name': 'EnemyInAState', 'name': 'Chris Turnbull', 'id': 846454000585244672, 'id_str': '846454000585244672', 'indices': [13, 27]}]",
Sun Aug 07 22:24:34 +0000 2022,"<a href=""http://twitter.com/download/iphone"" rel=""nofollow"">Twitter for iPhone</a>",RT @khalediskef: A Chinese official said in a statement to state TV: #China is canceling the territorial waters of #Taiwan and the army wil‚Ä¶,0.0,0.0,en,0,5,kisdurka,117,316,false,"[{'text': 'China', 'indices': [69, 75]}, {'text': 'Taiwan', 'indices': [115, 122]}]","[{'screen_name': 'khalediskef', 'name': 'ÿÆÿßŸÑÿØ ÿßÿ≥ŸÉŸäŸÅ', 'id': 551195158, 'id_str': '551195158', 'indices': [3, 15]}]",
Sun Aug 07 22:23:58 +0000 2022,"<a href=""http://twitter.com/download/android"" rel=""nofollow"">Twitter for Android</a>",RT @AlArabiya_Eng: #Taiwan reiterates it won‚Äôt succumb to pressure from #China after days of military drills in the air and seas surroundin‚Ä¶,-0.1,0.1,en,0,1,Gage3Vicki,165,135,false,"[{'text': 'Taiwan', 'indices': [19, 26]}, {'text': 'China', 'indices': [72, 78]}]","[{'screen_name': 'AlArabiya_Eng', 'name': 'Al Arabiya English', 'id': 22240612, 'id_str': '22240612', 'indices': [3, 17]}]",
Sun Aug 07 22:23:42 +0000 2022,"<a href=""http://twitter.com/download/android"" rel=""nofollow"">Twitter for Android</a>",RT @revmahoney: How do we know how the CCP would treat Taiwan and the rest of the world! Easy answer. Just look how they treated the people‚Ä¶,0.43333333333333335,0.8333333333333334,en,0,5,Atomtopa,153,329,false,[],"[{'screen_name': 'revmahoney', 'name': 'Rev. Patrick Mahoney', 'id': 108665128, 'id_str': '108665128', 'indices': [3, 14]}]",
Sun Aug 07 22:23:39 +0000 2022,"<a href=""http://twitter.com/download/android"" rel=""nofollow"">Twitter for Android</a>","RT @WilliamYang120: On Sunday, #Taiwan's military disputed Chinese state media reports saying that People's Liberation Army (PLA) warships‚Ä¶",-0.05,0.05,en,0,12,AyaHitaisyou,437,2053,false,"[{'text': 'Taiwan', 'indices': [31, 38]}]","[{'screen_name': 'WilliamYang120', 'name': 'William Yang', 'id': 365216346, 'id_str': '365216346', 'indices': [3, 18]}]",
Sun Aug 07 22:23:23 +0000 2022,"<a href=""https://mobile.twitter.com"" rel=""nofollow"">Twitter Web App</a>",@serpentza @CGMeifangZhang @ChaoyangShaoxia Doesn't it demonstrate that #Taiwan is not scared of the PLA ?,0.0,0.0,en,0,0,zomgallthecute,4,26,false,"[{'text': 'Taiwan', 'indices': [72, 79]}]","[{'screen_name': 'serpentza', 'name': 'Winston Sterzel', 'id': 223459075, 'id_str': '223459075', 'indices': [0, 10]}, {'screen_name': 'CGMeifangZhang', 'name': 'Zhang MeifangÂº†ÁæéËä≥', 'id': 1222894323152195586, 'id_str': '1222894323152195586', 'indices': [11, 26]}, {'screen_name': 'ChaoyangShaoxia', 'name': 'Shao Xia Â∞ë‰æ†', 'id': 350762108, 'id_str': '350762108', 'indices': [27, 43]}]",
Sun Aug 07 22:23:20 +0000 2022,"<a href=""http://twitter.com/download/iphone"" rel=""nofollow"">Twitter for iPhone</a>","RT @AnonOpsSE: If you think #Taiwan is a country, stop buying @Apple products. It won't be easy, but putting a flag next to your Twitter ha‚Ä¶",0.21666666666666667,0.4166666666666667,en,0,159,heymontecristo,16,130,false,"[{'text': 'Taiwan', 'indices': [28, 35]}]","[{'screen_name': 'AnonOpsSE', 'name': 'Anonymous Operations', 'id': 1009546724, 'id_str': '1009546724', 'indices': [3, 13]}, {'screen_name': 'Apple', 'name': 'Apple', 'id': 380749300, 'id_str': '380749300', 'indices': [62, 68]}]",
Sun Aug 07 22:23:13 +0000 2022,"<a href=""http://twitter.com/download/android"" rel=""nofollow"">Twitter for Android</a>","@PaulJawin This is more like it. Need to live stream the slaughter. Especially for next conflict #ChinaTaiwanCrisis  When kids and parents see their guts splattered in real time on TV, then things will happen. (a);No one signs ups (b) kids will choose prison over death.(c) Govt collapse.",0.1672727272727273,0.45999999999999996,en,0,0,Mhxavologos,100,99,false,"[{'text': 'ChinaTaiwanCrisis', 'indices': [97, 115]}]","[{'screen_name': 'PaulJawin', 'name': 'Paul Jawin', 'id': 1319668800200036356, 'id_str': '1319668800200036356', 'indices': [0, 10]}]",
Sun Aug 07 22:23:11 +0000 2022,"<a href=""https://mobile.twitter.com"" rel=""nofollow"">Twitter Web App</a>","RT @SpokespersonCHN: ""#Taiwan is part of China. That's been absolutely accepted by the whole of international community... And if you don't‚Ä¶",0.13333333333333333,0.43333333333333335,en,0,669,MauricioLoren14,433,482,false,"[{'text': 'Taiwan', 'indices': [22, 29]}]","[{'screen_name': 'SpokespersonCHN', 'name': 'Hua Chunying ÂçéÊò•Ëéπ', 'id': 1183698123719200768, 'id_str': '1183698123719200768', 'indices': [3, 19]}]",
Sun Aug 07 22:23:02 +0000 2022,"<a href=""http://twitter.com/download/android"" rel=""nofollow"">Twitter for Android</a>",üá®üá≥üáπüáº Chinese naval drills around Taiwan Strait spark logistical bottleneck fears #containers #TaiwanStraitsCrisis #bottleneck https://t.co/A1I49Ed9TF via @container_news,0.0,0.0,en,0,0,mgiulianico,420,37,false,"[{'text': 'containers', 'indices': [81, 92]}, {'text': 'TaiwanStraitsCrisis', 'indices': [93, 113]}, {'text': 'bottleneck', 'indices': [114, 125]}]","[{'screen_name': 'container_news', 'name': 'Container-News', 'id': 727809231391473664, 'id_str': '727809231391473664', 'indices': [154, 169]}]",
Sun Aug 07 22:23:00 +0000 2022,"<a href=""http://twitter.com/download/android"" rel=""nofollow"">Twitter for Android</a>",RT @StephenMcDonell: Hardliners in the upper ranks of #China‚Äôs Communist Party here in #Beijing are probably happy where Nancy Pelosi‚Äôs vis‚Ä¶,0.4,0.5,en,0,38,hoggothoaryhost,44,60,false,"[{'text': 'China', 'indices': [54, 60]}, {'text': 'Beijing', 'indices': [87, 95]}]","[{'screen_name': 'StephenMcDonell', 'name': 'Stephen McDonell', 'id': 243983947, 'id_str': '243983947', 'indices': [3, 19]}]",
Sun Aug 07 22:22:52 +0000 2022,"<a href=""http://twitter.com/download/android"" rel=""nofollow"">Twitter for Android</a>",Good luck !! ü§£ü§£#taiwan https://t.co/sS4KZ6GUVf,1.0,0.6000000000000001,en,0,0,mashimaroooo,435,555,false,"[{'text': 'taiwan', 'indices': [15, 22]}]",[],
Sun Aug 07 22:22:45 +0000 2022,"<a href=""http://twitter.com/download/android"" rel=""nofollow"">Twitter for Android</a>","RT @SpokespersonCHN: ""#Taiwan is part of China. That's been absolutely accepted by the whole of international community... And if you don't‚Ä¶",0.13333333333333333,0.43333333333333335,en,0,669,OnwardsPeople,939,2185,false,"[{'text': 'Taiwan', 'indices': [22, 29]}]","[{'screen_name': 'SpokespersonCHN', 'name': 'Hua Chunying ÂçéÊò•Ëéπ', 'id': 1183698123719200768, 'id_str': '1183698123719200768', 'indices': [3, 19]}]",
Sun Aug 07 22:22:40 +0000 2022,"<a href=""https://mobile.twitter.com"" rel=""nofollow"">Twitter Web App</a>","RT @kuomintang: The PLA's military exercises and the immediate threat they represented may have ended, but the precedent has been set. The‚Ä¶",-0.1,0.1,en,0,16,pikarasukaru,1140,1937,false,[],"[{'screen_name': 'kuomintang', 'name': '‰∏≠ÂúãÂúãÊ∞ëÈª® KMT', 'id': 1062560079847682048, 'id_str': '1062560079847682048', 'indices': [3, 14]}]",
Sun Aug 07 22:22:37 +0000 2022,"<a href=""http://twitter.com/download/iphone"" rel=""nofollow"">Twitter for iPhone</a>","Here‚Äôs the thing - #Taiwan has never been part of the #PRC so all this talk of reunification is, frankly, BS. And on re-education, we‚Äôll let‚Äôs ask Tibetans or Uyghurs how they feel about Beijing‚Äôs re-education methods.
#TaiwanIsaCountry üáπüáº https://t.co/s674BdvB64",0.0,0.0,en,1,0,DisneyTory,726,1660,false,"[{'text': 'Taiwan', 'indices': [19, 26]}, {'text': 'PRC', 'indices': [54, 58]}, {'text': 'TaiwanIsaCountry', 'indices': [219, 236]}]",[],
Sun Aug 07 22:22:34 +0000 2022,"<a href=""http://twitter.com/download/iphone"" rel=""nofollow"">Twitter for iPhone</a>","RT @timand2037: Former colonial regimes - now the self-styled G7 - are building provocations and false pretexts for war with #China, just a‚Ä¶",-0.20000000000000004,0.3,en,0,128,Klypto1689861,3,339,false,"[{'text': 'China', 'indices': [125, 131]}]","[{'screen_name': 'timand2037', 'name': 'tim anderson', 'id': 56575418, 'id_str': '56575418', 'indices': [3, 14]}]",
Sun Aug 07 22:22:28 +0000 2022,"<a href=""http://twitter.com/download/android"" rel=""nofollow"">Twitter for Android</a>","#US #GTGraphic: 160+ countries, accounting for over 80% of the world‚Äôs population, have reiterated their commitment to the one-China principle after #Pelosi‚Äôs provocative visit to the island of #Taiwan. https://t.co/IJMbZYxLT7 https://t.co/Uz7034j8l0",0.0,0.0,en,1,0,TsubasaMeng,332,56,false,"[{'text': 'US', 'indices': [0, 3]}, {'text': 'GTGraphic', 'indices': [4, 14]}, {'text': 'Pelosi', 'indices': [149, 156]}, {'text': 'Taiwan', 'indices': [194, 201]}]",[],
Sun Aug 07 22:22:23 +0000 2022,"<a href=""http://twitter.com/download/android"" rel=""nofollow"">Twitter for Android</a>","RT @IndoPac_Info: From Chinese media:

""#PLA Eastern Theater Command continues joint military drills around #Taiwan on Sunday, focusing on‚Ä¶",-0.05,0.05,en,0,60,Agamayer07,24,244,false,"[{'text': 'PLA', 'indices': [40, 44]}, {'text': 'Taiwan', 'indices': [108, 115]}]","[{'screen_name': 'IndoPac_Info', 'name': 'Indo-Pacific News - Watching the CCP-China Threat', 'id': 844136511079559168, 'id_str': '844136511079559168', 'indices': [3, 16]}]",
Sun Aug 07 22:22:22 +0000 2022,"<a href=""http://twitter.com/download/iphone"" rel=""nofollow"">Twitter for iPhone</a>",RT @SpokespersonCHN: Baidu Maps show that there are 38 Shandong dumpling restaurants and 67 Shanxi noodle restaurants in Taipei. Palates do‚Ä¶,0.0,0.0,en,0,358,dopenerdo,22,80,false,[],"[{'screen_name': 'SpokespersonCHN', 'name': 'Hua Chunying ÂçéÊò•Ëéπ', 'id': 1183698123719200768, 'id_str': '1183698123719200768', 'indices': [3, 19]}]",
Sun Aug 07 22:22:04 +0000 2022,"<a href=""https://mobile.twitter.com"" rel=""nofollow"">Twitter Web App</a>","RT @CGMeifangZhang: #US House Speaker Nancy #Pelosi and her family are now under scrutiny for several market trades. Her husband, Paul Pelo‚Ä¶",0.0,0.0,en,0,121,UkraineWarSTOP,112,163,false,"[{'text': 'US', 'indices': [20, 23]}, {'text': 'Pelosi', 'indices': [44, 51]}]","[{'screen_name': 'CGMeifangZhang', 'name': 'Zhang MeifangÂº†ÁæéËä≥', 'id': 1222894323152195586, 'id_str': '1222894323152195586', 'indices': [3, 18]}]",
Sun Aug 07 22:21:39 +0000 2022,"<a href=""https://mobile.twitter.com"" rel=""nofollow"">Twitter Web App</a>","@POTUS Genocidal Racist US in $30 Trillion DEBT sells body of Pelosi door mat to #Korea after 1 night stand in #Taiwan &amp; flee the next day.

#China cancels US oligarchs invested in #ClimateCrisis.

US Oligarchs loose 90% of their fake investment.

Oligarchs coming for you.

Run for it. https://t.co/h2DIgV8Y31",-0.1923076923076923,0.4230769230769231,en,0,0,HelloHypercube,1273,2292,false,"[{'text': 'Korea', 'indices': [81, 87]}, {'text': 'Taiwan', 'indices': [111, 118]}, {'text': 'China', 'indices': [145, 151]}, {'text': 'ClimateCrisis', 'indices': [185, 199]}]","[{'screen_name': 'POTUS', 'name': 'President Biden', 'id': 1349149096909668363, 'id_str': '1349149096909668363', 'indices': [0, 6]}]",
Sun Aug 07 22:21:16 +0000 2022,"<a href=""http://twitter.com/download/android"" rel=""nofollow"">Twitter for Android</a>","RT @CGMeifangZhang: Responding to a CNN reporter saying ""China is busy encircling #Taiwan‚Äù during an interview, Roger Waters, co-founder of‚Ä¶",0.1,0.3,en,0,128,Luisbz88,395,1920,false,"[{'text': 'Taiwan', 'indices': [82, 89]}]","[{'screen_name': 'CGMeifangZhang', 'name': 'Zhang MeifangÂº†ÁæéËä≥', 'id': 1222894323152195586, 'id_str': '1222894323152195586', 'indices': [3, 18]}]",
Sun Aug 07 22:21:08 +0000 2022,"<a href=""https://mobile.twitter.com"" rel=""nofollow"">Twitter Web App</a>","RT @terror_alarm: üö®üá®üá≥üáπüáºChina now has #Taiwan surrounded from air and the sea as it gears up to start the next round of military drill ""exer‚Ä¶",-0.10000000000000002,0.16666666666666666,en,0,112,PaddyDrapes,1607,3610,false,"[{'text': 'Taiwan', 'indices': [37, 44]}]","[{'screen_name': 'terror_alarm', 'name': 'Terror Alarm', 'id': 754718787237281792, 'id_str': '754718787237281792', 'indices': [3, 16]}]",
Sun Aug 07 22:20:53 +0000 2022,"<a href=""https://mobile.twitter.com"" rel=""nofollow"">Twitter Web App</a>",RT @globaltimesnews: #PLA conducted large-scale live-fire drills in six areas around the Taiwan island from August 4 to 7 after Pelosi's pr‚Ä¶,0.0,0.0,en,0,24,YazdJBilimoria,718,1188,false,"[{'text': 'PLA', 'indices': [21, 25]}]","[{'screen_name': 'globaltimesnews', 'name': 'Global Times', 'id': 49616273, 'id_str': '49616273', 'indices': [3, 19]}]",
Sun Aug 07 22:20:41 +0000 2022,"<a href=""http://twitter.com/download/iphone"" rel=""nofollow"">Twitter for iPhone</a>",#Apple asks suppliers in #Taiwan to label products as made in China ‚Äì report - The Guardian https://t.co/GEYyDFFRtJ,0.0,0.0,en,0,0,Fibognocchi,146,626,false,"[{'text': 'Apple', 'indices': [0, 6]}, {'text': 'Taiwan', 'indices': [25, 32]}]",[],
Sun Aug 07 22:20:39 +0000 2022,"<a href=""https://mobile.twitter.com"" rel=""nofollow"">Twitter Web App</a>","RT @globaltimesnews: #GTGraphic: 160+ countries, accounting for over 80% of the world‚Äôs population, have reiterated their commitment to the‚Ä¶",0.0,0.0,en,0,165,HumanaEmpatia,848,491,false,"[{'text': 'GTGraphic', 'indices': [21, 31]}]","[{'screen_name': 'globaltimesnews', 'name': 'Global Times', 'id': 49616273, 'id_str': '49616273', 'indices': [3, 19]}]",
Sun Aug 07 22:20:32 +0000 2022,"<a href=""http://twitter.com/download/iphone"" rel=""nofollow"">Twitter for iPhone</a>","RT @Fallen_x_King: True that
#China #Taiwan #WWIII https://t.co/6Z7b4cnAKP",0.35,0.65,en,0,2303,Brain_Hm,80,65,false,"[{'text': 'China', 'indices': [29, 35]}, {'text': 'Taiwan', 'indices': [36, 43]}, {'text': 'WWIII', 'indices': [44, 50]}]","[{'screen_name': 'Fallen_x_King', 'name': 'SAAD', 'id': 1259506674714509312, 'id_str': '1259506674714509312', 'indices': [3, 17]}]",
Sun Aug 07 22:20:30 +0000 2022,"<a href=""http://twitter.com/download/android"" rel=""nofollow"">Twitter for Android</a>","RT @terror_alarm: üö®üá®üá≥üáπüáºChina now has #Taiwan surrounded from air and the sea as it gears up to start the next round of military drill ""exer‚Ä¶",-0.10000000000000002,0.16666666666666666,en,0,112,Truth01Seeker,149,281,false,"[{'text': 'Taiwan', 'indices': [37, 44]}]","[{'screen_name': 'terror_alarm', 'name': 'Terror Alarm', 'id': 754718787237281792, 'id_str': '754718787237281792', 'indices': [3, 16]}]",
Sun Aug 07 22:20:29 +0000 2022,"<a href=""http://twitter.com/download/iphone"" rel=""nofollow"">Twitter for iPhone</a>","RT @SpokespersonCHN: ""#Taiwan is part of China. That's been absolutely accepted by the whole of international community... And if you don't‚Ä¶",0.13333333333333333,0.43333333333333335,en,0,669,chloe2_k,0,14,false,"[{'text': 'Taiwan', 'indices': [22, 29]}]","[{'screen_name': 'SpokespersonCHN', 'name': 'Hua Chunying ÂçéÊò•Ëéπ', 'id': 1183698123719200768, 'id_str': '1183698123719200768', 'indices': [3, 19]}]",
Sun Aug 07 22:20:27 +0000 2022,"<a href=""https://mobile.twitter.com"" rel=""nofollow"">Twitter Web App</a>",@CGMeifangZhang Looks like #Taiwan isn't too scared to resist. Not at all.,0.0,0.0,en,0,0,zomgallthecute,4,26,false,"[{'text': 'Taiwan', 'indices': [27, 34]}]","[{'screen_name': 'CGMeifangZhang', 'name': 'Zhang MeifangÂº†ÁæéËä≥', 'id': 1222894323152195586, 'id_str': '1222894323152195586', 'indices': [0, 15]}]",
Sun Aug 07 22:20:26 +0000 2022,"<a href=""https://mobile.twitter.com"" rel=""nofollow"">Twitter Web App</a>","RT @SpokespersonCHN: ""#Taiwan is part of China. That's been absolutely accepted by the whole of international community... And if you don't‚Ä¶",0.13333333333333333,0.43333333333333335,en,0,669,unrelatednamed,278,647,false,"[{'text': 'Taiwan', 'indices': [22, 29]}]","[{'screen_name': 'SpokespersonCHN', 'name': 'Hua Chunying ÂçéÊò•Ëéπ', 'id': 1183698123719200768, 'id_str': '1183698123719200768', 'indices': [3, 19]}]",
Sun Aug 07 22:20:26 +0000 2022,"<a href=""http://twitter.com/download/android"" rel=""nofollow"">Twitter for Android</a>","RT @thinking_panda: Today, Pink Floyd got 1.4 billion new fans.
#Taiwanchina #Taiwan #China #PinkFloyd #RogerWaters https://t.co/dVGozWwj2C",0.018181818181818174,0.37727272727272726,en,0,99,OnwardsPeople,939,2185,false,"[{'text': 'Taiwanchina', 'indices': [64, 76]}, {'text': 'Taiwan', 'indices': [77, 84]}, {'text': 'China', 'indices': [85, 91]}, {'text': 'PinkFloyd', 'indices': [92, 102]}, {'text': 'RogerWaters', 'indices': [103, 115]}]","[{'screen_name': 'thinking_panda', 'name': 'ShanghaiPanda', 'id': 1424619313, 'id_str': '1424619313', 'indices': [3, 18]}]",
Sun Aug 07 22:20:02 +0000 2022,"<a href=""https://buffer.com"" rel=""nofollow"">Buffer</a>","21.56US $ 40% OFF|New Ems Intelligent Sleep Device Fast Sleep Rest Hypnosis Insomnia Artifact Wristband Watch Microcurrent Sleep Aid Instrument - Sleep &amp; Snoring - AliExpress https://t.co/tkdsD6GWF3

#NancyPelosi #USA #uk #RT #EUA #Europe #Russia  #Taiwan #China #America https://t.co/QlqTASGYyz",0.5,0.75,en,0,0,doos94619918,1936,4792,false,"[{'text': 'NancyPelosi', 'indices': [204, 216]}, {'text': 'USA', 'indices': [217, 221]}, {'text': 'uk', 'indices': [222, 225]}, {'text': 'RT', 'indices': [226, 229]}, {'text': 'EUA', 'indices': [230, 234]}, {'text': 'Europe', 'indices': [235, 242]}, {'text': 'Russia', 'indices': [243, 250]}, {'text': 'Taiwan', 'indices': [252, 259]}, {'text': 'China', 'indices': [260, 266]}, {'text': 'America', 'indices': [267, 275]}]",[],
Sun Aug 07 22:20:02 +0000 2022,"<a href=""http://twitter.com/download/android"" rel=""nofollow"">Twitter for Android</a>","RT @WilliamYang120: Australia's Shadow Defence Minister Andrew Hastie says he is ‚Äúopen-minded‚Äù about visiting #Taiwan, as he weighs up a tr‚Ä¶",0.4,0.7,en,0,61,hoggothoaryhost,44,60,false,"[{'text': 'Taiwan', 'indices': [110, 117]}]","[{'screen_name': 'WilliamYang120', 'name': 'William Yang', 'id': 365216346, 'id_str': '365216346', 'indices': [3, 18]}]",
Sun Aug 07 22:19:47 +0000 2022,"<a href=""http://twitter.com/download/android"" rel=""nofollow"">Twitter for Android</a>","RT @benedictrogers: #RogerWaters - you're either a moron, or in the pay of #VladimirPutin and #XiJinping #CCP - or both.

Either way: no on‚Ä¶",-0.8,1.0,en,0,9,vlenuveno,292,4981,false,"[{'text': 'RogerWaters', 'indices': [20, 32]}, {'text': 'VladimirPutin', 'indices': [75, 89]}, {'text': 'XiJinping', 'indices': [94, 104]}, {'text': 'CCP', 'indices': [105, 109]}]","[{'screen_name': 'benedictrogers', 'name': 'Benedict Rogers ÁæÖÂÇëÊñØ', 'id': 49035671, 'id_str': '49035671', 'indices': [3, 18]}]",
Sun Aug 07 22:19:43 +0000 2022,"<a href=""https://about.twitter.com/products/tweetdeck"" rel=""nofollow"">TweetDeck</a>","RT @AnnaGE_: How could #Pelosi family's Return of Investment exceed Warren Buffett?
https://t.co/OeK6yRp8mo",0.0,0.0,en,0,3,AdigunPolack,1019,567,false,"[{'text': 'Pelosi', 'indices': [23, 30]}]","[{'screen_name': 'AnnaGE_', 'name': 'Anna GE', 'id': 1014383832374497281, 'id_str': '1014383832374497281', 'indices': [3, 11]}]",
Sun Aug 07 22:19:35 +0000 2022,"<a href=""http://twitter.com/download/iphone"" rel=""nofollow"">Twitter for iPhone</a>",@RNBreakfast finally someone with a more balanced view on the perceived China-Taiwan crisis #China #Taiwan,0.25,0.75,en,1,0,michaelxxx007,114,231,false,"[{'text': 'China', 'indices': [92, 98]}, {'text': 'Taiwan', 'indices': [99, 106]}]","[{'screen_name': 'RNBreakfast', 'name': 'RN Breakfast', 'id': 20138772, 'id_str': '20138772', 'indices': [0, 12]}]",
Sun Aug 07 22:19:30 +0000 2022,"<a href=""http://twitter.com/download/android"" rel=""nofollow"">Twitter for Android</a>","""#Taiwan is part of China. That's been absolutely accepted by the whole of international community... And if you don't know that, you are not reading enough.""--Roger Waters, co-founder of rock band Pink Floyd https://t.co/F5PFHBlIZi",0.06000000000000001,0.42000000000000004,en,0,0,zamos_mthethwa,4449,308,false,"[{'text': 'Taiwan', 'indices': [1, 8]}]",[],
Sun Aug 07 22:19:21 +0000 2022,"<a href=""https://mobile.twitter.com"" rel=""nofollow"">Twitter Web App</a>","RT @ReadovkaWorld: ""Don‚Äôt forget 23 million #Russians died, protecting you and me from the Nazis"", Roger Waters in @CNN interview 
 
Co-fou‚Ä¶",0.0,0.0,en,0,9,WeRAllAssange,94,85,false,"[{'text': 'Russians', 'indices': [44, 53]}]","[{'screen_name': 'ReadovkaWorld', 'name': 'Readovka World', 'id': 758319705849524224, 'id_str': '758319705849524224', 'indices': [3, 17]}, {'screen_name': 'CNN', 'name': 'CNN', 'id': 759251, 'id_str': '759251', 'indices': [115, 119]}]",
Sun Aug 07 22:19:20 +0000 2022,"<a href=""http://twitter.com/download/android"" rel=""nofollow"">Twitter for Android</a>","RT @CGMeifangZhang: Responding to a CNN reporter saying ""China is busy encircling #Taiwan‚Äù during an interview, Roger Waters, co-founder of‚Ä¶",0.1,0.3,en,0,128,riomadureira,15334,15460,false,"[{'text': 'Taiwan', 'indices': [82, 89]}]","[{'screen_name': 'CGMeifangZhang', 'name': 'Zhang MeifangÂº†ÁæéËä≥', 'id': 1222894323152195586, 'id_str': '1222894323152195586', 'indices': [3, 18]}]",
Sun Aug 07 22:18:50 +0000 2022,"<a href=""http://twitter.com/download/iphone"" rel=""nofollow"">Twitter for iPhone</a>",RT @ChinaInfo777: #PinkFloyd Roger Waters tells it as it is. #Taiwan is a part of #China! https://t.co/RJ64fX6F33,0.0,0.0,en,0,5,Karina88355595,233,355,false,"[{'text': 'PinkFloyd', 'indices': [18, 28]}, {'text': 'Taiwan', 'indices': [61, 68]}, {'text': 'China', 'indices': [82, 88]}]","[{'screen_name': 'ChinaInfo777', 'name': 'China Info üá®üá≥', 'id': 1508186150711701505, 'id_str': '1508186150711701505', 'indices': [3, 16]}]",
Sun Aug 07 22:18:50 +0000 2022,"<a href=""https://mobile.twitter.com"" rel=""nofollow"">Twitter Web App</a>","RT @SpokespersonCHN: ""#Taiwan is part of China. That's been absolutely accepted by the whole of international community... And if you don't‚Ä¶",0.13333333333333333,0.43333333333333335,en,0,669,CenteniThomas,128,690,false,"[{'text': 'Taiwan', 'indices': [22, 29]}]","[{'screen_name': 'SpokespersonCHN', 'name': 'Hua Chunying ÂçéÊò•Ëéπ', 'id': 1183698123719200768, 'id_str': '1183698123719200768', 'indices': [3, 19]}]",
Sun Aug 07 22:18:25 +0000 2022,"<a href=""https://mobile.twitter.com"" rel=""nofollow"">Twitter Web App</a>","RT @IndoPac_Info: #Taiwan‚Äôs ‚ÄòFully-Loaded‚Äô F-16 Vipers Armed With Deadly Harpoon Missiles Gear-Up To Hunt Intruding Chinese Warships

Taiwa‚Ä¶",-0.1,0.2,en,0,121,statlynks,87,562,false,"[{'text': 'Taiwan', 'indices': [18, 25]}]","[{'screen_name': 'IndoPac_Info', 'name': 'Indo-Pacific News - Watching the CCP-China Threat', 'id': 844136511079559168, 'id_str': '844136511079559168', 'indices': [3, 16]}]",
Sun Aug 07 22:18:16 +0000 2022,"<a href=""http://twitter.com/download/android"" rel=""nofollow"">Twitter for Android</a>",RT @SpokespersonCHN: 3‚É£Ô∏è#Pelosi's visit to Taiwan has given the lie to the US government's commitment to have only unofficial relations wit‚Ä¶,0.0,1.0,en,0,176,Adolfap01,143,272,false,"[{'text': 'Pelosi', 'indices': [24, 31]}]","[{'screen_name': 'SpokespersonCHN', 'name': 'Hua Chunying ÂçéÊò•Ëéπ', 'id': 1183698123719200768, 'id_str': '1183698123719200768', 'indices': [3, 19]}]",
Sun Aug 07 22:18:10 +0000 2022,"<a href=""https://mobile.twitter.com"" rel=""nofollow"">Twitter Web App</a>","RT @Jingjing_Li: This speech by the President of Nicaragua is based. #taiwan 
https://t.co/GsuOMJSEuF",0.0,0.0,en,0,455,jadedragon26102,1864,899,false,"[{'text': 'taiwan', 'indices': [69, 76]}]","[{'screen_name': 'Jingjing_Li', 'name': 'Li Jingjing ÊùéËèÅËèÅ', 'id': 352561706, 'id_str': '352561706', 'indices': [3, 15]}]",
Sun Aug 07 22:18:10 +0000 2022,"<a href=""http://twitter.com/download/android"" rel=""nofollow"">Twitter for Android</a>","RT @CGMeifangZhang: #US House Speaker Nancy #Pelosi and her family are now under scrutiny for several market trades. Her husband, Paul Pelo‚Ä¶",0.0,0.0,en,0,121,MandiBeros,3883,3887,false,"[{'text': 'US', 'indices': [20, 23]}, {'text': 'Pelosi', 'indices': [44, 51]}]","[{'screen_name': 'CGMeifangZhang', 'name': 'Zhang MeifangÂº†ÁæéËä≥', 'id': 1222894323152195586, 'id_str': '1222894323152195586', 'indices': [3, 18]}]",
Sun Aug 07 22:18:06 +0000 2022,"<a href=""http://twitter.com/#!/download/ipad"" rel=""nofollow"">Twitter for iPad</a>","RT @CDNPosts: #China‚Äôs #Taiwan War Games Become Latest Threat To Backlogged Global Supply Chain: by Max Keating at CDN -  

Chinese militar‚Ä¶",0.16666666666666666,0.3,en,0,5,NeceHorn,13505,13493,false,"[{'text': 'China', 'indices': [14, 20]}, {'text': 'Taiwan', 'indices': [23, 30]}]","[{'screen_name': 'CDNPosts', 'name': 'Conservative Daily News', 'id': 74945157, 'id_str': '74945157', 'indices': [3, 12]}]",
Sun Aug 07 22:18:02 +0000 2022,"<a href=""http://twitter.com/download/iphone"" rel=""nofollow"">Twitter for iPhone</a>",RT @WangGuanBeijing: I was interview by BBC World News on Pelosi's Taiwan visit. @BBCWorld  #pelositaiwan #pelosivisittotaiwan #ChinaTaiwan‚Ä¶,0.0,0.0,en,0,43,1991MariJa,188,570,false,"[{'text': 'pelositaiwan', 'indices': [92, 105]}, {'text': 'pelosivisittotaiwan', 'indices': [106, 126]}, {'text': 'ChinaTaiwan', 'indices': [127, 139]}]","[{'screen_name': 'WangGuanBeijing', 'name': 'Wang Guan', 'id': 36707787, 'id_str': '36707787', 'indices': [3, 19]}, {'screen_name': 'BBCWorld', 'name': 'BBC News (World)', 'id': 742143, 'id_str': '742143', 'indices': [81, 90]}]",
Sun Aug 07 22:17:58 +0000 2022,"<a href=""http://twitter.com/download/android"" rel=""nofollow"">Twitter for Android</a>",RT @WilliamYang120: Reuters reported that a commentator said on #China's state media that #Beijing is planning to hold regular military exe‚Ä¶,-0.05,0.08846153846153847,en,0,53,sirmort_,153,466,false,"[{'text': 'China', 'indices': [64, 70]}, {'text': 'Beijing', 'indices': [90, 98]}]","[{'screen_name': 'WilliamYang120', 'name': 'William Yang', 'id': 365216346, 'id_str': '365216346', 'indices': [3, 18]}]",
Sun Aug 07 22:17:33 +0000 2022,"<a href=""https://mobile.twitter.com"" rel=""nofollow"">Twitter Web App</a>","RT @SpokespersonCHN: ""#Taiwan is part of China. That's been absolutely accepted by the whole of international community... And if you don't‚Ä¶",0.13333333333333333,0.43333333333333335,en,0,669,WeRAllAssange,94,85,false,"[{'text': 'Taiwan', 'indices': [22, 29]}]","[{'screen_name': 'SpokespersonCHN', 'name': 'Hua Chunying ÂçéÊò•Ëéπ', 'id': 1183698123719200768, 'id_str': '1183698123719200768', 'indices': [3, 19]}]",
Sun Aug 07 22:17:11 +0000 2022,"<a href=""https://mobile.twitter.com"" rel=""nofollow"">Twitter Web App</a>","RT @DouglasTodd: ""Canadians could all vanish from the face of the earth and we‚Äôd take only about 1.5% of greenhouse-gas emissions out of th‚Ä¶",0.0,1.0,en,0,49,penniesnickels,514,1752,false,[],"[{'screen_name': 'DouglasTodd', 'name': 'DouglasTodd', 'id': 17684387, 'id_str': '17684387', 'indices': [3, 15]}]",
